seg_id,time_to_failure
seg_00030f,3.1905
seg_0012b5,4.8312
seg_00184e,4.3414
seg_003339,8.8350
seg_0042cc,6.5084
seg_004314,1.9288
seg_004cd2,7.1041
seg_004ee5,4.6808
seg_004f1f,5.0839
seg_00648a,2.1782
seg_006e4a,2.6278
seg_007a37,4.7187
seg_00a37e,3.7801
seg_00be11,2.5389
seg_00c35b,8.4991
seg_00cc91,4.1599
seg_00e5f7,5.5261
seg_00f3b9,4.0217
seg_010eab,7.0907
seg_0125d9,5.4066
seg_0144cb,4.1900
seg_0165c6,8.9442
seg_016913,3.7816
seg_016cdb,5.2906
seg_017314,6.9889
seg_01a8dc,3.9396
seg_01c775,8.4483
seg_01ecb0,3.8160
seg_02042f,1.7776
seg_025e78,5.4467
seg_032822,3.5707
seg_0339ca,3.7686
seg_037461,4.4498
seg_038879,6.9696
seg_03d386,1.8983
seg_03d63e,3.9913
seg_03d680,8.1632
seg_03f380,4.1968
seg_0445d7,4.3916
seg_046c28,2.1467
seg_0488a1,7.6073
seg_049957,9.2915
seg_04a696,7.0684
seg_04ae38,4.6940
seg_04b87a,8.1609
seg_04cceb,6.7048
seg_04ee93,7.3500
seg_04fd93,6.3674
seg_0536c9,3.1306
seg_055127,6.2485
seg_05a1b0,4.5912
seg_05a4ad,7.1291
seg_05b66a,9.5155
seg_05bef4,2.5827
seg_05e0d7,4.7593
seg_05f126,8.3556
seg_05f9d6,7.4356
seg_060ce4,2.7061
seg_061a33,6.4780
seg_0620e6,5.8879
seg_063865,6.1542
seg_065588,3.9107
seg_06893f,2.3329
seg_06b8c9,5.6811
seg_06bbc5,2.1165
seg_06d4a2,3.7696
seg_06d7ba,3.1224
seg_070bb0,2.0600
seg_071067,2.4035
seg_073696,8.6170
seg_075340,4.8604
seg_075f77,3.1128
seg_0775a7,2.7133
seg_077b7e,5.8781
seg_079e34,3.9563
seg_07c815,4.7655
seg_07cd72,5.3259
seg_07f37c,3.2241
seg_07f8df,4.4373
seg_07fc6d,7.2613
seg_086a61,8.6530
seg_0870ab,4.4996
seg_0879a8,8.2853
seg_08b136,7.4368
seg_08f441,4.8819
seg_08fd5b,3.7917
seg_091c9d,8.2739
seg_093a0a,6.7927
seg_0968f1,6.8075
seg_0981f3,2.3499
seg_09dd59,7.2100
seg_09ed4e,9.9106
seg_09f0ff,4.5870
seg_0a0fbb,9.3269
seg_0a1bd0,5.5326
seg_0a42ba,8.6762
seg_0a45a1,2.7515
seg_0a97c4,5.3411
seg_0aa0fb,6.9309
seg_0b07c7,6.3569
seg_0b082e,8.6064
seg_0b32f7,2.8964
seg_0b3b94,5.5024
seg_0b48c4,3.0361
seg_0b4b24,4.0789
seg_0b54ac,3.6444
seg_0b76f5,9.3688
seg_0b9ad8,7.8334
seg_0b9ba3,9.3019
seg_0ba210,9.3677
seg_0ba585,4.6546
seg_0bb5fd,3.8306
seg_0bc877,1.9884
seg_0be6ee,2.2129
seg_0c12cc,7.8998
seg_0c1d3a,3.5108
seg_0c247b,6.4656
seg_0c3943,2.6598
seg_0c4e31,1.7907
seg_0c74cf,2.3388
seg_0c8502,9.1576
seg_0c89ce,6.8066
seg_0c9aa8,8.6484
seg_0cb81b,2.7048
seg_0cca14,3.8033
seg_0cdcc8,2.6223
seg_0cf651,2.7018
seg_0d0250,3.5535
seg_0d04b9,5.2878
seg_0d13a7,3.8334
seg_0d434c,9.1175
seg_0d540e,2.4617
seg_0d663a,8.5752
seg_0d6d68,5.3395
seg_0d762e,6.3664
seg_0d833c,7.8308
seg_0dae4b,3.7031
seg_0dc38f,1.9648
seg_0dcc40,6.1812
seg_0df469,4.8502
seg_0df75c,9.1107
seg_0dfe8c,3.3486
seg_0e1370,1.8852
seg_0e1fbe,5.2429
seg_0e3739,4.4503
seg_0e3d44,2.9234
seg_0e3ed2,2.2430
seg_0e4833,8.8505
seg_0e7cc5,6.1869
seg_0e8b79,9.5408
seg_0e9987,5.1141
seg_0e9bb3,6.0658
seg_0eb333,1.7804
seg_0ebfd9,5.6134
seg_0f565c,3.7926
seg_0f74a3,6.9922
seg_0f8961,9.0947
seg_0fc67a,8.5673
seg_0fca83,2.8524
seg_0fd3ff,2.2225
seg_1010ad,8.2057
seg_103b32,3.1334
seg_105cd9,3.4112
seg_1084af,5.4335
seg_10a595,4.8236
seg_10c09d,8.7824
seg_10f3a6,3.0017
seg_112b81,6.4852
seg_1144bc,9.6906
seg_114b79,5.6526
seg_115617,2.7492
seg_115a92,3.2426
seg_11647f,4.1561
seg_117278,5.4805
seg_117ff4,3.8844
seg_11860f,5.5436
seg_1201e8,4.5233
seg_121446,7.7550
seg_121cba,2.9448
seg_122ba9,3.9733
seg_123dd4,8.0141
seg_12ac20,8.7021
seg_12b9ba,6.1553
seg_12ee6e,3.1674
seg_130e17,2.6485
seg_13468a,4.1582
seg_136285,5.9795
seg_136695,7.6855
seg_137f8a,7.2885
seg_138807,5.5589
seg_13c2f0,4.3720
seg_13e25f,7.4584
seg_140bc5,2.9780
seg_141f34,8.5024
seg_146926,9.0889
seg_148698,7.6723
seg_14ad27,1.9450
seg_14c054,7.9771
seg_14c371,7.6567
seg_14c435,3.3982
seg_14c89d,5.1557
seg_14c8ce,6.5135
seg_14d1d3,5.5721
seg_14f5f0,8.3062
seg_151368,8.4441
seg_151d92,2.3516
seg_153d6a,9.0565
seg_154361,7.8641
seg_1562cb,8.6956
seg_158691,3.5405
seg_158764,7.3466
seg_15adff,3.6713
seg_15bf25,7.5775
seg_15c9f9,2.0935
seg_161aeb,7.1651
seg_161f5f,2.6235
seg_162fc4,6.6483
seg_16566c,4.0265
seg_166f70,8.5833
seg_168d1c,7.4241
seg_16a270,6.4396
seg_16c3a7,3.8796
seg_17067e,3.4538
seg_170684,8.5480
seg_170a0c,9.1869
seg_176542,6.6579
seg_17799c,7.9867
seg_179d90,8.2417
seg_17adc0,4.8957
seg_17d1ff,3.7412
seg_17e596,7.6854
seg_180481,5.1159
seg_18096a,6.4805
seg_1815fe,8.9224
seg_1827c5,9.4200
seg_184222,5.1700
seg_185ad6,8.2202
seg_18d1d0,3.0464
seg_18d307,1.7070
seg_18f633,1.7184
seg_18f853,4.6896
seg_18fb65,2.0975
seg_193404,8.5954
seg_19515c,5.8232
seg_195eda,4.9581
seg_1969c8,7.3477
seg_19b08e,4.3885
seg_19b9dd,7.3597
seg_19e1ff,6.6033
seg_19ec5c,10.1407
seg_1a0e94,9.3264
seg_1a0eca,5.0757
seg_1a671a,3.9675
seg_1a791c,5.8862
seg_1a8e06,2.2585
seg_1a8f0d,3.9717
seg_1a8f2c,8.2729
seg_1abcaf,2.1194
seg_1ac9e2,4.9994
seg_1ae362,7.9621
seg_1afa29,2.8997
seg_1b08a4,5.4635
seg_1b1ad8,3.7263
seg_1b2298,7.3688
seg_1b78af,5.1410
seg_1baf33,4.0835
seg_1bd38e,8.3000
seg_1bf7b3,2.7518
seg_1c401b,7.6532
seg_1c4c5b,5.9354
seg_1c4e72,5.2304
seg_1c849d,5.0409
seg_1c904f,2.4361
seg_1c929e,4.4419
seg_1cb942,9.1396
seg_1cd352,5.6835
seg_1cf1b5,3.0285
seg_1d044c,4.1330
seg_1d11e5,4.2374
seg_1d596d,4.8317
seg_1d980f,3.9803
seg_1da819,2.9220
seg_1db443,6.2507
seg_1db8e8,8.7697
seg_1dec9c,9.0268
seg_1e0523,3.5232
seg_1e0b82,7.9868
seg_1e572b,7.3328
seg_1e617a,4.2728
seg_1e61d6,2.0885
seg_1e677e,5.0505
seg_1eae76,5.7533
seg_1ebe6b,3.0085
seg_1ece48,3.4546
seg_1eeb8f,3.4498
seg_1ef708,2.5336
seg_1f1e60,8.2174
seg_1f3d44,6.8843
seg_1f3ede,4.3185
seg_1f5240,3.4885
seg_1f7cf8,2.7321
seg_1f9aed,6.1362
seg_1fa983,3.2855
seg_1fc7ab,6.6388
seg_1fe311,9.2993
seg_2005a7,5.5503
seg_2018c8,9.1952
seg_204dc6,2.4566
seg_208ba5,2.9545
seg_2099f4,6.7707
seg_20a990,3.9532
seg_20b8d0,5.0135
seg_20cbac,4.2857
seg_20cc25,1.8186
seg_20d9de,9.4131
seg_20e9ad,4.3521
seg_210388,5.5335
seg_211299,7.0786
seg_211486,8.7538
seg_214492,4.3639
seg_217eed,3.2230
seg_218049,3.4140
seg_21eebb,4.2281
seg_21faa9,9.5195
seg_222c5f,2.0899
seg_225320,9.6006
seg_226e60,7.8997
seg_229eda,6.7174
seg_22e509,4.4505
seg_2313d1,6.0048
seg_232559,8.6734
seg_23323e,3.3585
seg_2367fb,8.3373
seg_238242,7.3089
seg_2383c2,6.4528
seg_2396a2,2.2088
seg_23b123,9.3629
seg_23bdf9,6.5326
seg_23c947,1.6792
seg_23efb0,5.8443
seg_23f823,3.7028
seg_23fe27,7.9723
seg_241266,4.6154
seg_24157a,5.1085
seg_24458d,5.6377
seg_2465ce,5.5542
seg_247262,4.8721
seg_24ba8d,4.9995
seg_24c078,7.3126
seg_24c1c9,4.1527
seg_24e071,3.4627
seg_24f338,2.1946
seg_257b8a,6.9092
seg_2597af,4.6203
seg_259c63,5.2579
seg_259d65,3.2721
seg_259dd3,8.0340
seg_25aa9f,8.8970
seg_25ab3f,3.9218
seg_25b38a,8.2029
seg_25c8dc,7.4063
seg_25cca7,7.9031
seg_25e76d,2.3295
seg_26049e,8.5099
seg_263deb,3.8181
seg_263fb3,2.3570
seg_2642d0,4.7491
seg_2642d4,6.1465
seg_264c7d,7.8785
seg_266805,4.4609
seg_266c6e,5.2977
seg_266d4e,4.2253
seg_268249,6.4660
seg_268625,4.0764
seg_268956,4.7950
seg_26a2a0,0.0197
seg_26cba3,4.7989
seg_26edaa,8.4826
seg_2700bd,4.2489
seg_272a47,1.5509
seg_274a1a,5.4396
seg_2774c4,9.0613
seg_279725,9.4775
seg_27a282,4.6122
seg_27b7c8,7.4671
seg_27db4d,7.6637
seg_27de37,6.8548
seg_27f532,8.8160
seg_27ff17,5.4481
seg_280863,3.2688
seg_280e3b,3.3192
seg_284223,5.7467
seg_284923,10.3196
seg_287e60,2.3539
seg_287fef,2.5531
seg_288001,5.1489
seg_2883ec,8.6241
seg_289d99,1.7915
seg_28fc32,6.5012
seg_29022f,3.1638
seg_2916e3,7.4699
seg_293dbf,3.6917
seg_293dc2,2.4685
seg_29475f,3.9093
seg_295b1c,8.2611
seg_2977cd,5.0458
seg_29a073,4.8717
seg_29acb7,5.2065
seg_29c772,5.9076
seg_29c906,5.4327
seg_29d497,5.2127
seg_29d4c6,9.2935
seg_29e799,4.7672
seg_2a0ace,8.9393
seg_2a0afc,5.2741
seg_2a0dc0,7.9717
seg_2a2f1e,5.8645
seg_2a4551,7.1263
seg_2a6343,7.6015
seg_2a8351,3.0713
seg_2aa101,2.3907
seg_2abd33,3.2625
seg_2b2cb3,7.0258
seg_2b372b,4.0009
seg_2b4959,5.6474
seg_2b6d52,8.0034
seg_2ba79a,1.7763
seg_2bcbde,8.7667
seg_2be983,9.3825
seg_2bf5be,8.7369
seg_2bf9dd,7.2095
seg_2c3203,3.5092
seg_2c5e9f,5.8662
seg_2c6011,4.2075
seg_2c69e4,8.2028
seg_2c762c,5.8550
seg_2cac57,9.4245
seg_2cadc0,6.4641
seg_2cdbe3,3.3328
seg_2d3828,5.4195
seg_2d402d,1.9542
seg_2d427f,2.1407
seg_2d5544,4.8160
seg_2d7cc4,3.6447
seg_2d92f0,9.1411
seg_2db7dc,4.5565
seg_2dc6ff,1.7215
seg_2dccec,4.7075
seg_2dcd3a,3.6613
seg_2dcd84,7.6454
seg_2dfb91,2.9289
seg_2e2372,5.8955
seg_2e50fb,4.4226
seg_2e64af,4.5760
seg_2e71dd,2.5329
seg_2e88dd,7.3994
seg_2e917f,4.7951
seg_2e9a47,5.7629
seg_2ea616,4.5136
seg_2eccb9,2.2829
seg_2ece02,4.7548
seg_2ed79b,5.0154
seg_2eddf6,7.9889
seg_2ee95c,9.1219
seg_2efd5c,8.3788
seg_2f1664,7.5651
seg_2f4f14,3.6291
seg_2f5695,5.1913
seg_2f60db,7.6922
seg_2f86cd,0.4534
seg_2f8e19,6.8014
seg_2f8f6d,8.4042
seg_2f9336,6.0335
seg_2f9581,4.4422
seg_2fb672,8.4591
seg_2fe382,5.1589
seg_301c1e,6.8108
seg_30207d,9.1927
seg_304581,5.1487
seg_304b87,3.3204
seg_304df5,8.3053
seg_30501b,9.0091
seg_3065ba,5.5288
seg_30661b,5.0145
seg_306756,7.9160
seg_30ad2a,2.3584
seg_30b043,3.1062
seg_30da11,4.3014
seg_30fd84,8.5394
seg_310230,3.2884
seg_31064b,1.9315
seg_311499,2.1637
seg_311b5e,2.3777
seg_3128e6,5.0097
seg_3151ff,5.8307
seg_31631c,6.5194
seg_316f86,3.9769
seg_318135,1.9527
seg_31a51f,3.2387
seg_31a6cd,3.6174
seg_31b808,7.1683
seg_31c0f4,10.1746
seg_31d763,5.5366
seg_31d7bf,1.9661
seg_31d810,6.6718
seg_31ddc5,7.6625
seg_3234ca,3.9666
seg_324447,6.2187
seg_324537,4.7143
seg_325790,3.9794
seg_326eb7,5.1657
seg_327ed4,3.1062
seg_32906d,2.2400
seg_32ad0f,8.5620
seg_32c904,8.2056
seg_32d747,5.5709
seg_32e763,3.4655
seg_32f3a9,5.6156
seg_32f6df,5.4256
seg_32f72d,5.7743
seg_32fc4e,9.9622
seg_330579,4.5361
seg_3319b5,8.2427
seg_331f2b,9.1150
seg_3340b9,4.8694
seg_335170,2.4892
seg_337b8c,3.7555
seg_339f80,6.5766
seg_33c30d,3.2538
seg_342ce6,8.2185
seg_343571,8.3215
seg_3452b2,4.2781
seg_34a2b8,4.3834
seg_34a8f7,8.7079
seg_34abd2,2.0291
seg_34ef79,3.9228
seg_3506d6,3.6728
seg_35269b,9.2781
seg_355717,2.5441
seg_355d19,8.2553
seg_35a2d7,8.9814
seg_35b009,3.7660
seg_35b753,5.6832
seg_35ba8f,8.3260
seg_35c587,4.6663
seg_35dd45,8.9866
seg_35ee83,4.9694
seg_36147d,3.3953
seg_361f5a,8.9061
seg_3631ec,4.3669
seg_3661de,8.7652
seg_369570,4.5469
seg_36b77f,8.9484
seg_36e32d,8.8068
seg_3706be,7.5083
seg_373a04,6.3888
seg_373ba6,4.7541
seg_37608b,4.1949
seg_3761d0,2.6037
seg_37669c,2.2080
seg_376908,2.7234
seg_377134,4.3825
seg_3788c5,8.6254
seg_37bf85,1.9725
seg_37f3fb,3.6377
seg_38001b,2.1605
seg_383b6b,5.3552
seg_383f2e,6.6978
seg_3865bc,3.3767
seg_3878d0,3.6748
seg_389906,7.2246
seg_38ad16,9.3757
seg_38ee24,5.7084
seg_392019,4.9242
seg_39300d,3.1790
seg_395e0e,9.1574
seg_397983,6.5761
seg_397dc9,8.4173
seg_398a25,5.1963
seg_39a886,5.9192
seg_39ad50,1.3006
seg_3a1600,3.8215
seg_3a22ac,4.1808
seg_3a80c5,6.1606
seg_3a8a76,2.0870
seg_3aca44,3.0707
seg_3adb1a,3.4847
seg_3ae4d9,2.6648
seg_3af649,6.0151
seg_3b2013,2.4310
seg_3b30fd,8.8468
seg_3b4414,3.9463
seg_3b7175,5.0617
seg_3b7724,9.6525
seg_3b95d2,9.1058
seg_3b95dc,4.5840
seg_3ba485,9.2044
seg_3bb90a,3.5798
seg_3bc9ed,6.3360
seg_3bd97e,9.4478
seg_3bf9ac,2.2500
seg_3bfcf6,4.3800
seg_3c3ddf,2.4747
seg_3c4106,2.6885
seg_3c64fb,6.1818
seg_3c8545,2.3174
seg_3cba49,6.3817
seg_3cbccf,3.9685
seg_3ce740,9.0871
seg_3cfb73,8.2580
seg_3d059a,3.6241
seg_3d06cc,4.3986
seg_3d19fc,3.4605
seg_3d1cb3,5.5034
seg_3d1f2e,5.3106
seg_3d581c,3.1383
seg_3d6aac,7.7826
seg_3d6e79,6.0996
seg_3d9aa0,3.5778
seg_3db0a8,3.5823
seg_3e00cd,9.0436
seg_3e55d5,3.4148
seg_3e87b4,2.5311
seg_3ec967,5.0343
seg_3edf51,4.7731
seg_3f2086,8.7116
seg_3f3689,3.2761
seg_3f3983,6.4203
seg_3f5be6,4.4001
seg_3f80ef,5.1666
seg_3f99c8,2.3559
seg_3fb24b,4.4546
seg_3fc7ca,8.6455
seg_3fdae0,6.3774
seg_407b2b,6.0185
seg_40b3aa,1.6333
seg_40f810,4.0612
seg_411225,4.1859
seg_414d0f,5.6861
seg_4185b3,5.8317
seg_419531,7.7707
seg_419b2a,8.3103
seg_41a267,9.5872
seg_41aadc,6.0568
seg_41ab7e,7.0241
seg_41be18,8.1096
seg_41be7d,6.7993
seg_41f45e,7.1250
seg_420bcc,5.7821
seg_420d4e,6.8017
seg_421a96,6.2315
seg_421da1,7.1339
seg_423ebe,5.4828
seg_425462,4.1431
seg_42648c,3.4678
seg_4280d9,9.4101
seg_428d66,3.1732
seg_42c4c9,4.8924
seg_42e7e8,5.8657
seg_42ff14,7.9943
seg_430e66,6.4975
seg_43383f,3.9908
seg_434c96,2.6197
seg_43597f,4.6230
seg_43c6f4,8.3101
seg_440106,7.5407
seg_4401d8,6.8989
seg_441c6d,8.5857
seg_4435bd,3.7673
seg_447972,3.0322
seg_447b8b,8.3959
seg_447cb3,8.8397
seg_44d3ca,3.7514
seg_455b16,4.0162
seg_456149,9.0373
seg_457234,9.2848
seg_45838b,6.0588
seg_4587bb,7.3650
seg_45a8a9,2.6831
seg_45b051,2.1504
seg_45e062,9.3145
seg_45e4ed,3.7801
seg_45e7ad,2.3537
seg_46012e,8.7731
seg_460436,8.3406
seg_461ab5,3.3276
seg_461b63,5.1504
seg_462c1d,6.1437
seg_464839,6.0747
seg_468bc9,8.9720
seg_468fdb,3.1599
seg_46a42b,3.4990
seg_46b84d,7.0599
seg_46c6d3,8.4998
seg_46dd7c,4.0368
seg_4729a7,4.0183
seg_4743ab,8.1921
seg_4743fa,9.8139
seg_476700,4.4024
seg_476bdb,2.3537
seg_477c83,5.2236
seg_478327,5.8950
seg_47a48f,8.5728
seg_47d374,3.4766
seg_47fed6,7.3778
seg_482745,5.1665
seg_4848e3,3.7471
seg_484901,4.1873
seg_486973,4.4857
seg_48a4b3,8.0225
seg_48a80c,3.0499
seg_48b545,7.2775
seg_48feba,4.6179
seg_490092,9.0235
seg_490d6e,5.9305
seg_492dc6,3.9489
seg_49322d,6.4110
seg_49336f,3.9849
seg_495573,9.0474
seg_496d07,2.7714
seg_496dad,2.3459
seg_49b0cb,9.0593
seg_49d84b,6.1440
seg_49fdf0,8.8376
seg_4a2525,7.9322
seg_4a6096,2.1083
seg_4a719c,3.7364
seg_4a91a9,3.6369
seg_4a9e6b,6.8738
seg_4a9e8d,6.6689
seg_4ab7bf,9.2136
seg_4abc29,2.7931
seg_4acc4b,3.6546
seg_4ad5a2,6.3588
seg_4ad674,5.0641
seg_4adeda,9.0540
seg_4ae37c,7.3623
seg_4ae712,8.4145
seg_4b0839,1.8398
seg_4b4c91,7.6769
seg_4b4ffb,4.0435
seg_4b8044,5.0283
seg_4b953a,2.7621
seg_4ba3d1,7.9027
seg_4c067a,5.5050
seg_4c12b2,3.3152
seg_4c18e2,1.9300
seg_4c3a2b,8.7376
seg_4c4995,5.0946
seg_4c65e6,8.9888
seg_4c8db6,8.2079
seg_4ca6de,6.3852
seg_4cb0d7,5.5687
seg_4cb9c6,3.9839
seg_4ce234,5.8667
seg_4d0008,4.6134
seg_4d0041,8.1590
seg_4d0c45,6.6829
seg_4d18f4,2.7075
seg_4d2671,6.6583
seg_4d53c2,9.4675
seg_4d5a4a,3.5592
seg_4d7c56,4.7172
seg_4d8f0f,4.5287
seg_4db886,8.4300
seg_4db997,2.6047
seg_4dbbd1,7.9177
seg_4ddddc,7.5813
seg_4dfa03,2.3283
seg_4e0c4a,8.5225
seg_4e2c66,2.0612
seg_4e3bd7,2.4835
seg_4e627b,4.8163
seg_4e9646,6.7895
seg_4ea3fa,5.1704
seg_4ea81c,2.9386
seg_4eb127,3.0372
seg_4eeaef,2.5786
seg_4eef28,7.9448
seg_4f48b4,1.9243
seg_4f5931,9.4246
seg_4f76a2,4.7907
seg_4f83a3,8.1713
seg_4fa87d,8.5170
seg_4fce5b,2.8986
seg_4fd191,3.2520
seg_500108,4.8454
seg_5009d9,2.5364
seg_500c80,6.8443
seg_502fab,7.9107
seg_507065,3.0369
seg_5090fa,6.6644
seg_509d55,5.1907
seg_50a667,3.8249
seg_50b048,4.9794
seg_50e270,7.0403
seg_511d25,7.3878
seg_512b3e,9.3646
seg_514543,4.3249
seg_5147e1,4.6863
seg_514b85,8.5246
seg_5165a4,7.4786
seg_517345,5.7096
seg_517425,2.9473
seg_51865e,3.4704
seg_518b1e,2.5764
seg_51b68c,8.5989
seg_51f0a2,3.6794
seg_51f6fd,7.0566
seg_521a88,7.1352
seg_523945,2.1097
seg_524b39,4.5518
seg_5254ce,8.9550
seg_5255c0,7.2776
seg_52636c,2.0551
seg_529be4,6.0355
seg_529c99,4.0424
seg_52c139,9.6521
seg_530a02,9.1475
seg_53103b,2.0438
seg_5311d1,2.0888
seg_533613,8.2852
seg_53498a,3.3059
seg_53a557,4.5563
seg_53a5fd,6.2291
seg_53bdf5,7.9097
seg_53caf1,6.5968
seg_53d818,4.5743
seg_53e645,5.6494
seg_53fa13,4.4692
seg_5407b0,3.3421
seg_5445bc,4.2386
seg_54490e,7.1552
seg_545fda,8.1691
seg_5467c8,8.2052
seg_546864,9.3823
seg_5470ca,4.7409
seg_5495ca,2.9573
seg_54af0d,2.7961
seg_54b0ee,6.9648
seg_54d0f3,2.3525
seg_55239a,2.8976
seg_552b8e,8.8612
seg_5559d9,1.9928
seg_555f63,1.8289
seg_5597ed,5.1071
seg_55a0c3,4.3088
seg_55a9a4,6.5622
seg_55b566,1.8306
seg_55d50b,2.6891
seg_561cf4,2.1367
seg_563059,7.0690
seg_5639b3,5.8324
seg_566efe,9.6628
seg_56e3e7,10.2746
seg_56e6f1,5.6087
seg_56ebc7,3.2714
seg_570a20,4.0163
seg_570d69,8.6035
seg_572172,6.3857
seg_5759c9,6.4417
seg_5765b6,6.4833
seg_578e84,8.8908
seg_57908c,3.8179
seg_57b6c0,6.0466
seg_57dd68,8.3687
seg_57ea44,2.5961
seg_580b65,6.5197
seg_581fac,2.7371
seg_585872,8.1857
seg_586726,3.0461
seg_586c0f,4.7614
seg_5887a8,8.3834
seg_588f61,1.9145
seg_58d52d,9.7512
seg_58e74b,2.2518
seg_58e9f9,8.1811
seg_58ea74,8.7855
seg_59058a,1.7535
seg_590fa5,4.3873
seg_591954,8.5568
seg_5924f5,3.5910
seg_592807,7.7717
seg_593c34,4.8805
seg_5965d8,3.2545
seg_596ae3,7.1543
seg_5975f4,3.6531
seg_597bd6,7.2826
seg_59818b,6.1483
seg_59cd7d,2.5983
seg_59cfdb,8.8635
seg_59d484,5.2623
seg_59de0b,1.6454
seg_59e1db,7.0851
seg_59eb97,4.8462
seg_5a0479,5.3165
seg_5a1adb,5.1618
seg_5a242e,7.5534
seg_5a67b5,8.1974
seg_5a947e,4.7407
seg_5abfdd,5.1519
seg_5ad847,3.4489
seg_5b392b,2.2367
seg_5b7325,2.9222
seg_5b8c39,3.7386
seg_5bc0b0,8.8813
seg_5bd9ae,4.0830
seg_5bdb47,2.5730
seg_5bfbf0,3.1326
seg_5c0929,3.3969
seg_5c1a4d,2.7666
seg_5c530f,3.6639
seg_5c57a8,2.7581
seg_5c8ae5,4.7197
seg_5c9077,6.9968
seg_5cd98b,4.2646
seg_5cde88,2.2519
seg_5cfba9,8.6292
seg_5cfdc4,4.1281
seg_5d333e,8.4021
seg_5d45db,6.3865
seg_5d92af,6.3272
seg_5d94b2,2.7052
seg_5e020f,4.9805
seg_5e0902,3.3501
seg_5e1bba,5.2671
seg_5e541f,2.2819
seg_5e635a,2.5727
seg_5e668a,8.7362
seg_5e70a7,8.0623
seg_5e7abf,4.8512
seg_5e8ef4,6.9541
seg_5eb380,2.9777
seg_5ec0e3,8.1015
seg_5ed47e,10.0272
seg_5ef47e,5.1391
seg_5f0a92,4.5929
seg_5f24d3,8.4396
seg_5f352e,2.6054
seg_5f355e,6.9547
seg_5f46a5,8.5956
seg_5f7fd9,5.2279
seg_5fe414,2.7223
seg_60277f,4.4309
seg_6074f9,4.4618
seg_607559,7.2101
seg_60ab20,8.7214
seg_60b696,5.6785
seg_60dacd,9.0255
seg_60df2a,5.1603
seg_610379,5.4805
seg_61219c,5.1288
seg_613702,3.6946
seg_614b50,2.0436
seg_6153ca,8.5436
seg_6167f0,5.4905
seg_616c8b,8.7467
seg_61b50d,3.5331
seg_61f504,3.4509
seg_620ee4,5.3503
seg_622e9d,3.4542
seg_62331a,4.2229
seg_6262c4,7.2409
seg_629822,4.3503
seg_62a403,8.7960
seg_62c582,2.3878
seg_63130f,10.2037
seg_633651,4.8639
seg_634180,4.1467
seg_634f05,1.9928
seg_635770,7.9280
seg_63582a,9.0484
seg_63c13d,5.3419
seg_63c518,2.2990
seg_63c8e4,9.6060
seg_63c983,3.5939
seg_63c9a3,3.5466
seg_63d651,4.4542
seg_6422d1,6.4502
seg_643d1f,5.1872
seg_643f86,8.1575
seg_64bcb9,8.7049
seg_64be5d,8.5105
seg_64be91,8.7087
seg_64daae,2.3016
seg_64dcf0,5.6985
seg_64f8dc,5.0879
seg_650de2,4.4212
seg_651808,2.8506
seg_652cc2,4.0895
seg_655780,3.3078
seg_655ad6,7.4204
seg_655cae,2.2202
seg_658bf4,1.9839
seg_659ff8,4.4916
seg_65b962,4.8615
seg_65c4e1,6.9971
seg_65ef95,4.2776
seg_65f01e,8.9717
seg_65fbac,8.2954
seg_660fe1,4.1801
seg_660fef,6.1820
seg_661629,3.4253
seg_666056,3.7469
seg_6681ee,1.8250
seg_66820a,3.4310
seg_6696d0,4.5832
seg_66b7c3,7.1072
seg_66e45a,6.3371
seg_66ed4d,2.6763
seg_670bde,3.3310
seg_67330f,5.5636
seg_673c60,3.5758
seg_67599b,6.6910
seg_679dd2,7.6901
seg_67aa76,5.7302
seg_68102c,9.8100
seg_683ddf,4.7247
seg_686edc,6.4001
seg_687a5c,1.7846
seg_68a484,8.6088
seg_68da94,3.8545
seg_691a72,6.0199
seg_692e7a,7.2374
seg_6951e0,3.6638
seg_695380,1.8847
seg_696621,4.3199
seg_6968c8,3.7093
seg_69787a,7.3930
seg_69a230,5.1591
seg_69a53e,6.7251
seg_69dbad,5.3115
seg_6a05e7,4.5366
seg_6a116b,4.2875
seg_6a26de,2.7379
seg_6a45a0,4.2868
seg_6a4ad1,8.9423
seg_6ab188,6.5382
seg_6ac67a,3.8662
seg_6ac82a,3.3302
seg_6ae32d,3.3701
seg_6b0107,6.1712
seg_6b2ce0,5.4487
seg_6b3a9d,3.4482
seg_6b4e04,8.9675
seg_6b536d,3.7334
seg_6b9511,6.4951
seg_6b9d02,4.5665
seg_6be48e,3.6223
seg_6c292b,5.5240
seg_6c309f,4.1657
seg_6c34c2,2.5682
seg_6c8a45,5.4683
seg_6c909f,3.6177
seg_6cfb76,4.4153
seg_6d01a3,7.7990
seg_6d35cd,1.7215
seg_6d36a1,9.4677
seg_6d4109,7.5613
seg_6d4fa6,4.3184
seg_6d6fad,4.5693
seg_6da1ff,5.0078
seg_6dac5d,9.6978
seg_6dd0fc,4.9169
seg_6de4fd,7.8093
seg_6de935,9.7153
seg_6df48e,8.4074
seg_6dfab7,3.3901
seg_6e12ae,4.3959
seg_6e12ee,1.9849
seg_6e1ee7,7.2890
seg_6e572a,3.4749
seg_6e5a38,3.0654
seg_6e7f73,8.8828
seg_6e98aa,5.1744
seg_6eb146,8.1826
seg_6ed49a,7.5507
seg_6edcb8,6.3425
seg_6eedcc,7.1139
seg_6f17de,3.2522
seg_6f2222,3.9239
seg_6f3d90,6.6858
seg_6f60b2,2.5792
seg_6f650f,8.9483
seg_6f9a98,6.3512
seg_6fb17f,4.7989
seg_6fc3ef,7.9133
seg_6fc8b3,6.6831
seg_6fd5bb,7.6985
seg_7012af,9.6424
seg_7020c5,6.5831
seg_702e03,3.1615
seg_703cea,7.5139
seg_705463,2.5697
seg_708349,8.1205
seg_70991d,5.0762
seg_709b6a,9.0959
seg_709d08,5.7883
seg_70a60e,6.4888
seg_70b375,7.4705
seg_70be4d,9.2486
seg_70e891,5.0821
seg_70edf5,6.7030
seg_70fb30,9.1264
seg_7120ac,4.9697
seg_71238c,9.2504
seg_71348a,2.4605
seg_715e2c,7.5706
seg_715ff6,8.0600
seg_7189ca,7.0383
seg_718b53,3.4768
seg_71936f,2.4363
seg_71b4e0,3.0267
seg_71b975,2.9080
seg_71c9e9,3.4930
seg_71f571,3.2571
seg_7211f1,7.8600
seg_724df9,-1.0579
seg_725772,7.9543
seg_725e84,2.2376
seg_727fc7,4.1713
seg_72858d,4.2668
seg_72859b,4.5480
seg_72aba8,4.0536
seg_72b68c,9.4271
seg_72c307,6.8002
seg_72ebda,5.4003
seg_72f40a,6.9819
seg_730ebe,4.4068
seg_734a88,8.8377
seg_73565e,4.2210
seg_735cdd,3.0075
seg_73858d,9.1452
seg_738be6,2.3698
seg_739643,5.4793
seg_739679,2.0614
seg_739856,9.2052
seg_739fb0,2.8532
seg_73ab4a,2.9142
seg_73b0f7,8.0052
seg_740837,2.4925
seg_741fc1,8.2637
seg_74235f,4.4056
seg_7428e7,6.7292
seg_743775,6.6010
seg_74537f,5.9801
seg_746d1d,5.1251
seg_7480f4,7.4236
seg_74b264,4.2126
seg_74b3bd,5.1569
seg_74ce61,8.1384
seg_74d58a,8.3987
seg_74d8cc,4.9355
seg_74dda9,6.7197
seg_74f330,2.8420
seg_74fcfc,8.7634
seg_74ffde,6.3252
seg_750244,6.8012
seg_750c93,2.5913
seg_750d20,4.8548
seg_750e7e,8.1117
seg_75211e,5.5226
seg_753190,7.2845
seg_753ba6,2.9874
seg_7540f3,6.0747
seg_75438e,6.1986
seg_755d50,3.9979
seg_75654d,3.9516
seg_758374,2.1892
seg_758ca4,2.4339
seg_759fb1,5.4695
seg_75a878,4.2450
seg_75c34b,3.4403
seg_75cd6a,4.2779
seg_75dc3e,4.3035
seg_75e669,1.6974
seg_75e93c,3.6568
seg_75eb90,7.3412
seg_75ffc9,5.6299
seg_760d70,4.7107
seg_76106f,9.4300
seg_762188,9.1406
seg_762be4,3.7802
seg_7630c5,10.1946
seg_766e42,3.4236
seg_76b76f,9.3923
seg_76c2fa,3.4993
seg_76d16c,5.9333
seg_76e914,5.0741
seg_76f1af,2.2919
seg_76f3f2,8.4778
seg_76f76d,6.1579
seg_774ad2,4.7577
seg_77bf79,3.4471
seg_77c546,1.7312
seg_77db7b,8.7080
seg_77dbe7,4.6507
seg_77df38,7.5181
seg_77e7bf,4.0136
seg_77ea14,4.8306
seg_77f9e3,2.0392
seg_77fe77,6.1298
seg_7848f8,0.1419
seg_7862ed,3.7128
seg_786ff6,6.3015
seg_78852d,5.5920
seg_78addc,8.1568
seg_78d817,4.5277
seg_78db0a,7.8792
seg_78ded2,2.0994
seg_78fc4b,7.1975
seg_790108,7.0485
seg_7949da,2.7064
seg_79c47a,3.3229
seg_79dc90,7.6892
seg_79e301,3.1966
seg_7a09ec,5.8350
seg_7a521c,4.5350
seg_7a5243,3.2921
seg_7a9228,4.1372
seg_7a9f2b,0.2030
seg_7aeca4,7.2425
seg_7b0936,9.0877
seg_7b2994,2.8747
seg_7b3017,9.2353
seg_7b5f90,6.1282
seg_7bb771,2.4621
seg_7bec10,8.9537
seg_7bf143,2.3330
seg_7c0376,1.9426
seg_7c10c1,2.7570
seg_7c2beb,7.7794
seg_7c2c48,2.6689
seg_7c6c31,8.0571
seg_7c88d1,2.6298
seg_7c9433,5.5740
seg_7cb417,3.5781
seg_7cbb45,4.1445
seg_7cd6b1,3.9737
seg_7cdfe5,3.5608
seg_7ce9cb,3.8045
seg_7cef95,7.5871
seg_7d17eb,9.9856
seg_7d2535,2.0071
seg_7d2e57,7.3789
seg_7d65c7,8.8088
seg_7d718e,9.0364
seg_7d88e3,9.0310
seg_7d994f,2.9797
seg_7ddc30,8.9844
seg_7df3dd,5.8365
seg_7e3b3e,3.8935
seg_7e9eb7,9.1085
seg_7eb108,9.2046
seg_7ebdc3,3.9732
seg_7ed2dd,4.0232
seg_7ef97b,3.2595
seg_7efdd5,7.2275
seg_7f3ab0,5.8535
seg_7f5b6f,9.3826
seg_7f786b,5.0919
seg_7f93b2,2.7217
seg_7f9b3a,6.2192
seg_7fa6ec,-0.5243
seg_7fac26,9.6146
seg_7fd3a3,3.4724
seg_7fd6b7,8.7699
seg_80211c,8.8848
seg_804fb5,6.6697
seg_80622d,7.3936
seg_807901,4.0361
seg_80b9b4,7.1504
seg_80fb86,5.5257
seg_812962,4.9525
seg_812a50,6.1555
seg_813aab,2.2528
seg_814b1f,1.8498
seg_816b7a,2.4777
seg_818382,5.8639
seg_81a8ea,9.2693
seg_81bebd,8.1138
seg_81c1a6,9.8907
seg_81c432,3.6812
seg_81f798,2.8954
seg_8200d2,4.5710
seg_82303e,3.3259
seg_82316b,3.8098
seg_8244bf,4.3650
seg_82456a,2.4979
seg_826208,5.8321
seg_827804,5.0017
seg_827a21,4.9839
seg_827c07,4.8743
seg_82c138,6.1910
seg_82ce27,2.8509
seg_82d7b6,3.7616
seg_830cff,4.7213
seg_8310ea,7.8923
seg_8324a4,7.3563
seg_8328f5,5.4094
seg_832a4d,3.8904
seg_8344ee,4.3687
seg_8353f5,8.4008
seg_836aac,4.1523
seg_836ef0,2.1441
seg_83bef8,5.3573
seg_83cb2c,3.8964
seg_83dc2e,9.0385
seg_83ef67,7.7309
seg_83f476,4.9400
seg_83f89e,7.8219
seg_83f928,8.4912
seg_8456d3,2.6035
seg_845a2a,9.0849
seg_8472f3,8.4077
seg_848695,3.7175
seg_84a65d,8.7173
seg_84b9d9,4.6580
seg_84c7fb,4.2955
seg_84fc12,8.2819
seg_8509db,5.5965
seg_850d95,3.5711
seg_8515fd,4.6450
seg_853302,7.7030
seg_854d91,9.2309
seg_857304,4.7696
seg_85762d,5.6894
seg_8599ec,4.0094
seg_85c1c0,4.4828
seg_85e90e,8.3855
seg_85e9c6,8.5479
seg_85fb0a,2.1011
seg_864fcf,4.0506
seg_8658b3,7.7845
seg_86720f,6.9161
seg_8681aa,7.8142
seg_86892f,2.4135
seg_868c85,6.6882
seg_86cfe9,8.9014
seg_86d847,8.9922
seg_86e874,1.6630
seg_87232d,5.1395
seg_876904,7.1909
seg_8773cf,2.7016
seg_8777bd,8.8919
seg_8785e2,4.1904
seg_878d2c,9.1769
seg_87a616,2.4529
seg_87a67a,4.1769
seg_87e4e8,2.8391
seg_87f6c8,7.1688
seg_8826f4,3.0194
seg_885f53,7.5244
seg_8866f0,2.0238
seg_88a81d,4.6297
seg_88b289,8.9998
seg_890181,6.8168
seg_89791c,3.7952
seg_89885a,4.9924
seg_899bf0,3.7766
seg_89b090,1.6535
seg_89d8a0,4.1504
seg_89e207,4.3086
seg_89eed6,3.4987
seg_89f975,3.0528
seg_8a3306,4.9700
seg_8a41bf,2.4139
seg_8a6b0e,2.4720
seg_8a7201,3.3961
seg_8a8220,6.1039
seg_8a8375,7.1773
seg_8ab3a7,2.1814
seg_8ae847,5.4347
seg_8aeb99,9.4644
seg_8b39c4,7.5811
seg_8b798b,9.2957
seg_8baeab,4.6821
seg_8bc20c,2.2166
seg_8bde47,9.0999
seg_8be2da,6.3186
seg_8be76c,1.7924
seg_8bec6f,5.9669
seg_8bf229,6.2819
seg_8c0114,4.3559
seg_8c1760,8.8301
seg_8c1cca,4.1111
seg_8c1e7d,2.1876
seg_8c341c,7.9839
seg_8c6d4e,2.4829
seg_8c6e34,2.1731
seg_8cd159,2.8228
seg_8cdf83,5.0755
seg_8ce632,4.5825
seg_8cf573,4.2008
seg_8d030a,5.4944
seg_8d135f,8.5202
seg_8d3a9d,6.5157
seg_8d4435,3.7749
seg_8d4965,6.5949
seg_8d5113,5.6961
seg_8d6578,3.0490
seg_8d6a7d,3.4958
seg_8da61a,6.3268
seg_8db6f0,7.2027
seg_8dcf3c,8.3381
seg_8dd2ab,1.8486
seg_8dd3ba,4.9358
seg_8dfc7e,2.8227
seg_8dfd7a,1.9927
seg_8e5704,7.9207
seg_8e6a3f,7.5732
seg_8e7194,4.5634
seg_8e7fca,3.2748
seg_8ebdea,8.3377
seg_8f1127,1.6469
seg_8f25b0,9.3642
seg_8f3247,7.4884
seg_8f3dfe,5.9716
seg_8f4654,4.7311
seg_8f4781,2.6373
seg_8f5589,6.9471
seg_8f592b,9.4876
seg_8f6284,3.6920
seg_8fb0d0,5.4278
seg_8fb29e,8.8547
seg_8fb828,9.4186
seg_8fc754,7.8668
seg_8fd465,3.7699
seg_902074,7.9587
seg_902bc1,7.3033
seg_903aba,8.7693
seg_907c52,5.6376
seg_90a0be,1.8994
seg_90b174,2.9425
seg_90bf60,8.3693
seg_90c258,9.7135
seg_90e904,1.7346
seg_90ec68,9.3761
seg_90ef18,9.7177
seg_911066,4.8083
seg_9122aa,2.9702
seg_913ffc,6.2562
seg_914a62,3.7271
seg_91596c,6.8470
seg_915b3e,4.4100
seg_91607c,3.9459
seg_919a6a,2.1099
seg_919c5c,4.5270
seg_91bf8c,4.1565
seg_91cff2,3.0089
seg_91eaeb,5.9477
seg_91f512,4.2326
seg_91f664,3.3499
seg_91fc29,2.9635
seg_920132,7.9401
seg_92092a,3.8023
seg_922914,4.7197
seg_922990,4.5346
seg_92310f,4.6739
seg_929ded,4.9136
seg_92a5f1,6.1278
seg_92af10,7.7206
seg_92b095,2.9980
seg_92bd37,5.0115
seg_92be9f,5.5192
seg_931244,8.7387
seg_93211c,7.3163
seg_932828,8.8518
seg_934087,4.8464
seg_939f5c,6.6696
seg_93d864,4.6671
seg_93f935,4.5837
seg_941759,7.5104
seg_943de0,8.8836
seg_944c98,2.2954
seg_945bc8,4.2975
seg_946d71,9.4681
seg_946d9a,4.6326
seg_947700,5.3877
seg_9485c0,4.2534
seg_94a133,3.9746
seg_94aa0a,6.2026
seg_94c48c,7.3741
seg_94d150,4.5387
seg_94d573,8.0334
seg_94ecad,8.4378
seg_950048,4.2571
seg_952faa,2.9688
seg_95357d,3.8547
seg_95644e,5.9914
seg_957ece,1.1521
seg_95b321,2.3668
seg_95f45e,8.6634
seg_961d02,3.1743
seg_961ddf,4.1212
seg_9626a4,2.2642
seg_96642e,4.7495
seg_966f3d,2.1616
seg_967ae4,7.9760
seg_96cd5d,3.8191
seg_96dab2,9.0932
seg_96db5e,4.0989
seg_96fa35,3.8001
seg_970b35,4.3719
seg_970e86,9.2386
seg_974049,5.4942
seg_9757ac,8.2851
seg_979a8f,2.8412
seg_97a161,5.1685
seg_97ad82,7.0563
seg_97d9ed,8.3508
seg_97e4a9,9.2989
seg_9802c3,5.5019
seg_9825e0,5.8136
seg_983778,8.3034
seg_986976,5.2231
seg_986b6e,9.5410
seg_9872f9,4.7286
seg_988e69,2.3108
seg_98a819,6.3230
seg_98be13,6.5056
seg_98c0b6,4.4010
seg_98c44d,4.3419
seg_98c544,3.7007
seg_98ebaa,8.9828
seg_98f624,8.7541
seg_9940e8,9.6127
seg_996c37,9.6024
seg_99ccbd,3.5978
seg_99f677,5.2793
seg_99f76c,5.0804
seg_9a1a4f,5.6780
seg_9a1c76,4.5244
seg_9a43ef,8.2719
seg_9a6025,5.7073
seg_9a74d8,5.8312
seg_9a7c46,6.4049
seg_9a7d1d,2.4411
seg_9a812d,4.0044
seg_9a81a3,6.2832
seg_9a8a1f,1.8224
seg_9a9041,5.6255
seg_9a92db,4.7981
seg_9aa6e2,2.8899
seg_9ab405,1.6917
seg_9ad261,5.1042
seg_9ad925,8.2843
seg_9ae1a1,9.3711
seg_9b0439,6.0478
seg_9b44d2,8.3048
seg_9b7ef8,9.4584
seg_9b7f93,4.7060
seg_9bab11,9.2762
seg_9bd388,6.1767
seg_9bee43,3.8098
seg_9c00d7,7.6512
seg_9c090f,2.2227
seg_9c2843,2.1927
seg_9c3d6a,8.0325
seg_9c3ef8,7.2638
seg_9c635d,9.5587
seg_9c6715,2.9453
seg_9c8162,6.3713
seg_9c8bc8,5.2575
seg_9ca72e,3.3959
seg_9caf50,8.0841
seg_9cb464,5.1280
seg_9d1b26,4.1248
seg_9d1dbe,8.5239
seg_9d2528,5.0582
seg_9d3013,7.6526
seg_9d452d,3.4847
seg_9d57a1,8.0530
seg_9d68cf,4.6534
seg_9d6ff0,3.1942
seg_9d7490,5.6227
seg_9d79d4,4.8678
seg_9dcae1,6.2831
seg_9ddc99,6.4660
seg_9dea8d,7.4395
seg_9df32d,4.5908
seg_9e25e9,4.2527
seg_9e3837,4.2057
seg_9e61da,1.8327
seg_9e7dff,3.0599
seg_9e8323,3.6173
seg_9e8ca4,9.0218
seg_9e962b,6.5161
seg_9ee0aa,7.9906
seg_9f042e,7.0285
seg_9f12c6,3.2998
seg_9f22a0,7.4206
seg_9f4fd4,8.7805
seg_9f57c4,7.3616
seg_9f6315,5.0417
seg_9f7542,8.5474
seg_9fc7c2,3.5394
seg_9fd9b8,4.4287
seg_9fe8b9,5.3660
seg_a00985,4.7883
seg_a009e6,6.7512
seg_a03e6a,3.7171
seg_a05c22,2.8159
seg_a06228,6.4811
seg_a0646a,2.8631
seg_a0979e,7.0031
seg_a0a423,2.1368
seg_a11dd5,3.0550
seg_a12acb,3.2860
seg_a133bc,4.9155
seg_a14212,5.5217
seg_a16a1b,2.2015
seg_a173d8,4.7782
seg_a18246,7.0124
seg_a1a511,3.4360
seg_a1acb2,4.9612
seg_a1b3cc,5.4645
seg_a1d8da,6.4515
seg_a1e5b0,7.6673
seg_a1edc1,4.0446
seg_a247ac,8.9440
seg_a25c46,3.9037
seg_a2986f,7.2599
seg_a2c108,9.2161
seg_a2d47d,5.2667
seg_a2e2c8,2.5518
seg_a2fd8b,3.3086
seg_a31d6e,7.7496
seg_a31fe3,8.4551
seg_a35c82,8.7110
seg_a35e7c,9.1464
seg_a39ebc,3.1147
seg_a39f3b,6.5883
seg_a39fa8,9.1303
seg_a3ab46,4.4393
seg_a3d4d6,2.6711
seg_a41c2c,6.2635
seg_a4208a,3.2333
seg_a420d4,3.5240
seg_a436bc,8.4175
seg_a437cb,2.8552
seg_a45455,4.8528
seg_a47cce,7.7951
seg_a489e1,5.8863
seg_a49ccc,4.6430
seg_a4ad7c,8.7183
seg_a4e745,7.6849
seg_a50d28,9.0058
seg_a5271e,2.3542
seg_a53e4c,6.0218
seg_a543e5,7.6727
seg_a55540,8.6485
seg_a55a17,4.1530
seg_a56c04,3.5622
seg_a58a6e,2.3443
seg_a5934a,9.8321
seg_a5d37f,2.9963
seg_a5dea6,9.2809
seg_a5f4dd,4.1680
seg_a5fbcc,5.2782
seg_a61e1c,4.6553
seg_a63573,4.0205
seg_a674d2,7.9479
seg_a68007,3.0200
seg_a68ffb,6.7731
seg_a69246,9.1051
seg_a6959c,7.7906
seg_a6bf91,4.9762
seg_a6c5cc,2.0957
seg_a6cd86,5.0097
seg_a6e801,2.7839
seg_a6e99c,1.6847
seg_a6eed3,4.0742
seg_a704ee,6.2626
seg_a7561c,3.1671
seg_a7b454,3.7357
seg_a7d0eb,4.2450
seg_a7e49b,4.9203
seg_a80123,4.1078
seg_a802fa,8.6293
seg_a80f6f,6.4048
seg_a82229,7.3825
seg_a84c13,2.9380
seg_a86231,4.9931
seg_a8685e,7.9872
seg_a86a05,5.8335
seg_a87e79,1.9175
seg_a88097,9.3417
seg_a88dde,7.9545
seg_a8bb2f,3.3519
seg_a8ddf7,3.7551
seg_a8e6df,3.4231
seg_a8e71a,3.7117
seg_a9089b,2.2428
seg_a91c03,7.2334
seg_a93a88,8.5381
seg_a96b47,4.1373
seg_a975df,3.0291
seg_a99161,3.7337
seg_a99799,2.5782
seg_a99be9,9.8770
seg_a9a820,2.4877
seg_a9b957,3.9298
seg_a9f80e,7.8906
seg_aa0180,3.1321
seg_aa1adf,4.2732
seg_aa508a,1.9223
seg_aa78e0,6.5192
seg_aa7a4b,6.3372
seg_aa98cc,-0.7627
seg_aa9b8e,6.1450
seg_aaa2ae,2.5853
seg_aabc52,8.4966
seg_aae025,7.3781
seg_ab001b,2.9400
seg_ab15ad,6.8985
seg_ab2a78,3.1883
seg_ab3f14,8.0460
seg_ab4bca,2.1545
seg_ab644e,5.8241
seg_ab70bd,6.8905
seg_ab9654,9.7230
seg_aba501,4.2958
seg_abaad2,8.4965
seg_abb03a,4.5080
seg_abb06a,5.6053
seg_abc5fd,7.3532
seg_abda04,8.5220
seg_abeca6,9.8709
seg_ac45ae,7.8786
seg_ac5c61,8.8575
seg_ac68bb,2.0176
seg_ac9de5,2.3252
seg_acd715,9.3841
seg_acf2f4,7.7114
seg_ad3a44,2.9291
seg_ad3cf0,3.2339
seg_ad591c,7.7976
seg_ad759c,2.7051
seg_ad82ca,6.3369
seg_ad949a,3.9174
seg_ada42c,5.2949
seg_ada81a,9.5888
seg_ade769,5.7206
seg_adf94a,2.0662
seg_adf986,6.6145
seg_ae32a6,5.6147
seg_ae3388,7.3046
seg_ae3d92,4.5383
seg_ae42b3,9.9242
seg_ae9626,1.9109
seg_ae9761,9.9165
seg_aec276,9.6877
seg_aed434,7.1481
seg_aee7c0,7.7670
seg_aee9bf,4.0379
seg_aeeb31,1.7124
seg_af1650,2.8879
seg_af2472,2.6141
seg_af6204,3.8704
seg_af703b,9.6595
seg_af959f,8.1895
seg_afa4a1,7.9986
seg_afadfb,6.7880
seg_afca81,2.5733
seg_afd665,4.8350
seg_b00f05,7.1283
seg_b02e31,8.2189
seg_b03de5,8.6241
seg_b08e9d,9.2034
seg_b0a794,2.4298
seg_b0bf65,4.1133
seg_b0cf32,8.9146
seg_b0d251,6.3886
seg_b0f9cd,7.7768
seg_b108c9,4.9386
seg_b13220,3.1459
seg_b13fb9,5.4936
seg_b197e2,2.6504
seg_b1a35c,7.2904
seg_b1b95e,2.8316
seg_b1fea8,3.1520
seg_b20487,10.0031
seg_b21273,5.2914
seg_b23489,2.7767
seg_b253ee,3.6733
seg_b25dde,2.1616
seg_b26368,4.5106
seg_b284b2,4.0239
seg_b291c0,3.9365
seg_b2b29d,7.7712
seg_b2b331,4.4013
seg_b2e045,4.7964
seg_b31961,5.3636
seg_b32d1d,3.1802
seg_b35174,-0.2337
seg_b36650,2.8450
seg_b36c8a,2.0600
seg_b378bc,2.2587
seg_b3883e,6.8106
seg_b3cf21,4.5989
seg_b3d886,3.3031
seg_b402ac,6.3872
seg_b41d3c,4.3978
seg_b42170,3.0644
seg_b4402d,9.4250
seg_b44c2e,7.4771
seg_b47c19,5.6510
seg_b4c040,4.6312
seg_b4cb44,8.6083
seg_b4f7a8,4.3043
seg_b50239,1.7911
seg_b51380,9.4811
seg_b51b7c,5.0288
seg_b52710,3.6627
seg_b52add,9.7335
seg_b52dac,4.7916
seg_b54024,3.4808
seg_b568c6,7.4280
seg_b57e76,5.9464
seg_b5804a,3.9310
seg_b58542,5.0646
seg_b5a447,6.5798
seg_b5aee9,5.8055
seg_b6254c,3.5178
seg_b63de1,2.5560
seg_b64c9c,8.1247
seg_b66b87,2.0723
seg_b686e5,2.1483
seg_b687fc,4.4132
seg_b691c5,2.0646
seg_b69455,9.0518
seg_b695b3,3.8219
seg_b6bdaa,6.5675
seg_b6c10d,6.9051
seg_b6cb2b,3.1251
seg_b72413,7.8118
seg_b735a5,7.1566
seg_b77bf5,9.3695
seg_b782c7,7.6443
seg_b78883,9.0069
seg_b7a8a1,4.7883
seg_b7b098,4.5197
seg_b7da0a,2.3498
seg_b7eeb6,6.3470
seg_b80358,8.3871
seg_b80366,7.8217
seg_b80b89,4.9529
seg_b8141c,3.1329
seg_b853c1,7.7756
seg_b853f8,5.4083
seg_b86ce1,4.6075
seg_b8725b,2.6440
seg_b8745c,8.5993
seg_b87cf5,8.1548
seg_b88baa,7.1427
seg_b89218,9.4515
seg_b89e47,2.5413
seg_b8b72f,4.8212
seg_b8bb87,9.5309
seg_b8fd73,9.5782
seg_b91011,6.2302
seg_b917b5,6.7984
seg_b91ae2,4.4633
seg_b9361a,4.5340
seg_b9365c,2.9588
seg_b947ae,2.9208
seg_b95010,3.6546
seg_b95a77,8.9922
seg_b9619c,6.4164
seg_b9ad7f,4.8560
seg_b9bdd7,5.5548
seg_b9d8a0,6.3348
seg_b9de03,4.8472
seg_b9ec4b,3.1937
seg_ba0485,8.9856
seg_ba1d68,3.2329
seg_ba2c48,3.4181
seg_ba3c47,2.1785
seg_ba3e74,4.1038
seg_ba4ea3,9.1965
seg_ba5e7e,4.9330
seg_ba83da,5.6448
seg_ba941e,8.3520
seg_ba98dc,4.2175
seg_ba9dbf,2.5437
seg_baa745,6.1743
seg_bb171f,8.0112
seg_bb180c,4.7748
seg_bb2d77,3.3851
seg_bb5e15,4.0673
seg_bb6904,2.0668
seg_bb6fcb,5.6512
seg_bb92b1,5.8762
seg_bbb01e,7.3365
seg_bbbc30,3.7250
seg_bbf805,4.5598
seg_bbfd4e,9.7152
seg_bc07c8,1.6883
seg_bc1d67,7.0380
seg_bc2186,7.2744
seg_bc437b,8.3099
seg_bca500,5.5437
seg_bcc8f1,6.5445
seg_bce23c,6.5118
seg_bce305,3.8587
seg_bcf2d9,5.5975
seg_bcf6af,7.2683
seg_bcfad6,4.5095
seg_bd00c4,5.8644
seg_bd2b0c,3.9689
seg_bd31bf,6.5358
seg_bd40f2,8.2990
seg_bd4d30,3.8923
seg_bd5022,1.9083
seg_bd629b,5.0345
seg_bd6f5f,8.7262
seg_bd7109,5.4737
seg_bdae02,8.6171
seg_bdf84b,5.1157
seg_be0cdc,2.7107
seg_be0dfa,7.3863
seg_be19e2,7.2365
seg_be30ce,5.6761
seg_be4612,8.7877
seg_be62ef,6.0404
seg_be65f2,3.0617
seg_be811d,3.6096
seg_beb650,7.3877
seg_beda44,5.7305
seg_bee792,5.1242
seg_bf1294,2.4012
seg_bf1430,4.5399
seg_bf1a72,5.2665
seg_bf2d1f,8.8315
seg_bf4bf2,1.8327
seg_bf4ec0,6.3257
seg_bf58ce,7.2985
seg_bf7224,2.6839
seg_bfdd14,1.8878
seg_bfe0b6,10.3161
seg_bff05e,8.5109
seg_bff392,2.6128
seg_c01a57,2.5400
seg_c01d9a,8.7889
seg_c01f63,7.8740
seg_c0260d,5.9785
seg_c047b7,4.1678
seg_c05a7d,9.2374
seg_c07b7c,3.1833
seg_c08d36,5.0220
seg_c09a41,4.6444
seg_c0c0ed,5.6979
seg_c0d7da,3.7788
seg_c0e1b9,4.0046
seg_c0ea9f,5.4613
seg_c106ca,3.7987
seg_c10a58,8.2965
seg_c11828,1.8691
seg_c11a4f,3.1980
seg_c12d7d,9.5318
seg_c146a8,5.7019
seg_c15d21,7.5575
seg_c17817,2.3301
seg_c179f8,5.9663
seg_c183e4,3.4498
seg_c186dc,3.8818
seg_c18d5a,4.1476
seg_c1fe9a,3.2124
seg_c20a27,4.9782
seg_c20c06,3.1159
seg_c21723,4.9294
seg_c21d60,5.2564
seg_c22bd4,8.9975
seg_c23429,4.2742
seg_c23641,3.0192
seg_c243a6,1.0901
seg_c24946,4.6879
seg_c25855,9.7508
seg_c267a5,3.7790
seg_c26fb4,3.1060
seg_c27591,3.3368
seg_c2a0c8,3.7486
seg_c2b8f7,3.3792
seg_c3507f,4.7093
seg_c35940,2.3016
seg_c365de,2.0468
seg_c3836b,5.3856
seg_c3f672,8.0614
seg_c3f8d7,4.2140
seg_c41d1d,4.5359
seg_c42490,3.5184
seg_c42952,6.2446
seg_c44bbc,2.7828
seg_c46ce6,2.6115
seg_c472cf,7.2183
seg_c47bdc,5.9566
seg_c4af54,4.2500
seg_c5064e,8.0089
seg_c509ff,2.9750
seg_c522f8,7.1433
seg_c5256d,6.4436
seg_c52ae6,1.9468
seg_c5325c,9.3250
seg_c550b1,8.3163
seg_c565bd,4.7898
seg_c571ef,4.8434
seg_c588c1,8.4683
seg_c58ca5,5.8444
seg_c5abaa,5.2260
seg_c5c455,3.7155
seg_c5c6ea,6.4256
seg_c5dada,3.9190
seg_c5dee4,1.4952
seg_c5f986,3.6419
seg_c5fc3b,8.6664
seg_c5fc87,5.3555
seg_c607eb,2.0494
seg_c60dca,3.2510
seg_c60f1d,2.7074
seg_c627fc,7.7068
seg_c62a06,3.2754
seg_c65135,3.7211
seg_c654e7,6.0451
seg_c666dd,4.5910
seg_c671f7,6.8785
seg_c6b514,3.0936
seg_c6c29f,2.7861
seg_c6f0a2,3.0552
seg_c6f533,3.4108
seg_c6f9c2,2.2546
seg_c703be,7.4821
seg_c70fde,5.9047
seg_c714d0,9.1365
seg_c73df6,2.9405
seg_c747ad,9.0224
seg_c747b4,3.5988
seg_c7a3bc,2.4516
seg_c7a401,4.1247
seg_c7a579,6.9328
seg_c7b424,8.8111
seg_c80857,-1.2232
seg_c81e10,8.0019
seg_c81fec,5.2070
seg_c8459f,8.4797
seg_c87c24,4.8713
seg_c901c0,3.6981
seg_c90be5,8.3562
seg_c9201c,2.3925
seg_c9481f,6.5222
seg_c94941,1.1105
seg_c9831a,1.9899
seg_c9e533,7.2361
seg_c9f80a,3.3872
seg_ca2d1b,4.3006
seg_ca407b,5.9544
seg_ca44a8,3.8612
seg_ca67ee,5.4451
seg_ca6d70,1.8074
seg_ca8389,3.3713
seg_ca88e3,8.4242
seg_ca9e39,4.0969
seg_caa919,6.2073
seg_cacd0a,5.5713
seg_cacd58,3.5913
seg_cb0e21,8.9424
seg_cb806c,5.2302
seg_cbcce9,5.7692
seg_cbfb19,6.9553
seg_cc096e,8.7890
seg_cc2c46,4.1114
seg_cc2e9b,4.8744
seg_cc4199,8.5910
seg_cc4932,8.5713
seg_cc4950,2.4363
seg_cc667b,4.3387
seg_cc7a19,4.1056
seg_cc7e39,8.3245
seg_ccdc28,3.6182
seg_cd0691,2.7122
seg_cd2b34,4.3284
seg_cd2b53,1.6307
seg_cd352f,9.3126
seg_cd43b4,7.6300
seg_cd699e,2.8309
seg_cd9f9b,7.5571
seg_cdadb5,8.6756
seg_cdf88e,1.8362
seg_ce00bb,5.6982
seg_ce46ba,2.3308
seg_ce472b,8.1397
seg_ce5520,2.3838
seg_ce5832,4.4680
seg_ce72e2,4.9767
seg_ce7537,2.1203
seg_ce9f59,3.7705
seg_cea185,3.8637
seg_ceab44,6.6865
seg_ceb942,2.2860
seg_cec2f2,6.6342
seg_cecd29,6.7127
seg_ced992,1.8966
seg_cedf3e,8.7356
seg_cee7d0,9.1603
seg_cf0e43,4.6540
seg_cf1371,3.5934
seg_cf25d2,3.4625
seg_cf3825,4.2368
seg_cf5764,7.1226
seg_cf646e,6.9085
seg_cf74e8,2.1187
seg_cf9a49,5.0966
seg_cfed24,3.1208
seg_cff594,2.1954
seg_d014a3,9.2202
seg_d0598e,2.6449
seg_d062a6,8.8588
seg_d07c62,2.6577
seg_d07ce8,9.7717
seg_d098df,8.1801
seg_d0c280,2.0643
seg_d0c8e2,3.7208
seg_d0f262,6.1389
seg_d0f803,4.1519
seg_d1045e,9.0378
seg_d11ca8,8.2616
seg_d14524,4.4016
seg_d146a6,4.1435
seg_d16534,6.5606
seg_d19980,8.1006
seg_d1a281,3.6497
seg_d1a2b9,2.8785
seg_d1a8b3,2.3977
seg_d1abaa,9.5845
seg_d1b91e,7.6961
seg_d1ca05,9.4752
seg_d1cb37,8.3105
seg_d1eee8,9.9874
seg_d1fbb8,8.8039
seg_d21066,4.6685
seg_d21eb6,7.1906
seg_d24095,8.5686
seg_d247da,5.1680
seg_d2551a,9.4075
seg_d26f7d,9.3435
seg_d27193,2.5352
seg_d27812,3.3713
seg_d29a4b,3.1663
seg_d2a533,6.0443
seg_d2ad9a,1.8652
seg_d2cb02,4.6401
seg_d2db6b,3.9553
seg_d2f588,9.1626
seg_d30a9d,1.8680
seg_d31583,9.2926
seg_d320f5,3.9401
seg_d328bb,2.7381
seg_d32f71,5.0759
seg_d32f8a,5.6955
seg_d35274,3.6881
seg_d356ab,4.0431
seg_d35e50,6.6679
seg_d36055,9.3022
seg_d36342,7.6121
seg_d36681,8.4013
seg_d36737,3.1040
seg_d37b05,7.1057
seg_d39131,8.3447
seg_d398df,5.5158
seg_d3992e,8.7648
seg_d3bb14,4.2624
seg_d3d8fc,3.6867
seg_d3f6b0,2.9989
seg_d3f967,4.3208
seg_d40bb2,9.6846
seg_d41daa,7.9630
seg_d42c77,6.5532
seg_d44589,4.3615
seg_d47aba,4.1901
seg_d4c763,5.5439
seg_d4dec8,6.6368
seg_d4ea17,7.2454
seg_d508db,5.2419
seg_d516e3,7.6995
seg_d56ae2,7.7805
seg_d56d32,7.9495
seg_d59e4e,3.5644
seg_d5b100,4.7665
seg_d5d3a1,4.6736
seg_d5dbc1,4.0387
seg_d5df41,7.5690
seg_d5f344,3.7644
seg_d60d18,5.1160
seg_d62e9c,2.0239
seg_d63175,6.1783
seg_d661ce,4.1119
seg_d668c0,6.1118
seg_d68930,8.4942
seg_d693b0,9.2492
seg_d6b198,3.8416
seg_d6b386,8.0800
seg_d6b546,6.8200
seg_d6dad6,5.6405
seg_d6ea73,3.5673
seg_d702b2,7.3033
seg_d71352,8.7282
seg_d740b2,8.8937
seg_d753f8,2.7025
seg_d78093,3.8760
seg_d78e7d,1.9294
seg_d795ab,6.3411
seg_d7967e,8.6973
seg_d7a805,6.6094
seg_d7ab50,3.4754
seg_d7f015,5.3100
seg_d7f53a,3.5285
seg_d8014d,5.0614
seg_d83890,3.9817
seg_d85e2e,5.7062
seg_d86eb6,2.8824
seg_d88da7,7.1826
seg_d89369,2.2597
seg_d90c5f,2.6625
seg_d91492,6.6661
seg_d9190c,4.0220
seg_d9352b,6.2944
seg_d962cc,9.3300
seg_d9750c,5.0353
seg_d9a2bb,5.3286
seg_d9b162,7.3135
seg_d9bb68,6.3539
seg_d9ce67,2.1698
seg_d9d0e4,3.5146
seg_d9dab4,8.7153
seg_da21ee,8.0638
seg_da7c3b,7.5281
seg_da80c4,8.5713
seg_da8b88,4.3303
seg_dab0f9,5.8505
seg_dad4f2,6.8593
seg_db3446,7.8952
seg_db3a95,5.0453
seg_db3fbe,8.9756
seg_db4185,3.0719
seg_db606c,6.6526
seg_db694a,4.2103
seg_db6d5f,6.7368
seg_db90c0,5.0595
seg_dbbb44,6.2858
seg_dbc615,2.6493
seg_dbf3f2,2.7375
seg_dc188b,5.4134
seg_dc1cf0,9.5283
seg_dc23c0,9.1784
seg_dc4698,2.9087
seg_dc5e63,2.4793
seg_dc6e94,4.6786
seg_dc73b8,3.5009
seg_dc7e0d,1.8590
seg_dca2c2,9.7711
seg_dcb51d,4.0432
seg_dcbe02,3.6543
seg_dcd9df,1.7038
seg_dcee28,4.1895
seg_dceeca,4.3416
seg_dcf242,5.6881
seg_dcfb4b,8.5396
seg_dd0b11,2.2687
seg_dd4594,4.6396
seg_dd699c,2.3821
seg_dd780d,4.9870
seg_dd8805,6.8635
seg_ddbadc,8.5142
seg_ddc800,8.5738
seg_ddd206,5.9865
seg_ddddf0,4.2005
seg_de225c,9.3393
seg_de3237,7.6814
seg_de3d5e,4.6032
seg_de4e1d,5.3968
seg_de8180,2.3580
seg_de98fa,4.0112
seg_de9e32,9.3604
seg_df0df7,8.5779
seg_df352f,2.1570
seg_df45b0,6.5714
seg_df8385,2.5946
seg_df8e0a,7.3742
seg_df99d4,4.8943
seg_dff078,5.8921
seg_e00465,8.7917
seg_e051bc,4.3695
seg_e05de2,2.5366
seg_e067ab,7.4774
seg_e09301,2.1248
seg_e0c329,5.2084
seg_e0ce38,7.0858
seg_e0cfd4,4.8445
seg_e0f296,7.7192
seg_e10d3b,8.9413
seg_e13bd8,4.5147
seg_e14149,5.5276
seg_e1468f,8.6897
seg_e15cb9,5.9141
seg_e197b8,5.6662
seg_e1a9e0,8.7505
seg_e1daa0,6.4041
seg_e1f045,4.9411
seg_e1f081,8.4349
seg_e20d76,4.5178
seg_e217fc,4.4801
seg_e2209b,4.9760
seg_e24496,8.0998
seg_e24f69,5.6320
seg_e256bd,2.4403
seg_e25aca,3.0582
seg_e266f4,6.6984
seg_e27c0a,4.0498
seg_e29670,4.1050
seg_e2b8b1,9.1728
seg_e2c82c,3.4725
seg_e3005e,3.8306
seg_e30e44,2.0489
seg_e30ef5,3.9258
seg_e34052,4.3007
seg_e37b8e,4.7278
seg_e3b1f1,6.1482
seg_e3ca24,8.0733
seg_e3cf1a,4.1945
seg_e3d751,-0.2323
seg_e3dafa,9.3982
seg_e3e762,7.1969
seg_e40348,6.5590
seg_e405fe,3.8754
seg_e40d64,7.5898
seg_e41fc9,5.1012
seg_e47d2b,3.1429
seg_e481c7,7.0552
seg_e48c23,7.5336
seg_e49750,5.1326
seg_e4c15a,5.7222
seg_e4f203,5.3166
seg_e4f403,4.9861
seg_e50f16,9.4250
seg_e52f8c,5.3817
seg_e53a52,4.9109
seg_e54932,7.3118
seg_e5750a,9.2157
seg_e59dca,7.5818
seg_e5b510,3.2260
seg_e5c033,6.6067
seg_e5deec,4.4511
seg_e5e238,2.8345
seg_e5f9ec,7.3885
seg_e5fbc1,1.5795
seg_e60719,8.1735
seg_e6307f,8.2094
seg_e64dfa,5.0979
seg_e65e69,3.8651
seg_e66697,4.7770
seg_e6b236,7.4537
seg_e6bd3f,4.7581
seg_e6c973,6.8232
seg_e6e1df,3.1653
seg_e6e24e,7.1139
seg_e71dda,6.0903
seg_e72f10,7.6927
seg_e742dc,8.5345
seg_e76e6e,3.8018
seg_e7ac12,5.5484
seg_e7ced6,8.0364
seg_e7d1f8,3.2649
seg_e7d3e7,7.5655
seg_e80726,3.8005
seg_e81b50,3.7686
seg_e8385f,8.7801
seg_e85f55,2.2986
seg_e86e44,4.8618
seg_e86ed1,9.0309
seg_e86f77,3.6981
seg_e877a5,5.9234
seg_e8a2c4,5.2827
seg_e8a4f4,5.1526
seg_e8ac98,2.1400
seg_e8ad6b,5.0796
seg_e8b2b3,7.2372
seg_e8bcde,2.4424
seg_e8ce6a,2.3472
seg_e8d02f,4.3768
seg_e90c0d,5.7295
seg_e92526,4.0451
seg_e9272e,4.4500
seg_e96140,4.8770
seg_e98217,4.2371
seg_e9a09f,3.1343
seg_e9aa44,9.1526
seg_e9df42,7.5639
seg_e9e65b,5.7987
seg_ea0091,4.7616
seg_ea05c1,8.2266
seg_ea096b,8.2086
seg_ea098b,7.3809
seg_ea4d3a,7.5120
seg_ea78c0,5.3739
seg_ea8270,8.6834
seg_ea9d37,2.7877
seg_ea9fa4,9.2745
seg_eaa0ec,6.9098
seg_eabb2c,9.4602
seg_eacccf,4.8481
seg_ead30e,4.5136
seg_eb0b19,8.0813
seg_eb1d6e,3.1046
seg_eb2e11,6.4879
seg_eb32bc,2.0033
seg_eb47a9,2.6631
seg_eb692c,8.5567
seg_eb7595,5.5332
seg_eb7f91,3.9418
seg_eba22d,8.1922
seg_ebb79f,5.8614
seg_ebd77b,9.1488
seg_ebe36c,5.5980
seg_ebec3e,2.1743
seg_ec0e7b,6.5853
seg_ec4645,5.1073
seg_ec73d5,3.4372
seg_ec973c,9.5934
seg_eca2eb,4.7143
seg_ecaef0,6.6088
seg_eccb17,2.1500
seg_ecdca4,5.0339
seg_ecf28d,6.3606
seg_ecf81b,8.4649
seg_ed07b0,4.4367
seg_ed3e4c,6.9603
seg_ed52ac,9.2105
seg_ed7741,8.2969
seg_ed7dee,5.5531
seg_ed7f69,2.6861
seg_edda79,6.3340
seg_edecaa,4.7816
seg_ee1cfc,5.2141
seg_ee2781,8.4251
seg_ee4479,3.2237
seg_ee4ae5,2.7678
seg_ee7224,1.9234
seg_ee87e2,3.3822
seg_ee8f87,4.6903
seg_eea20e,8.1154
seg_eebbc2,3.9353
seg_eee89d,2.7350
seg_eefd4a,2.7812
seg_ef24bd,4.6541
seg_ef27c8,2.3212
seg_ef47c4,9.3076
seg_ef644a,5.4694
seg_ef660a,8.9078
seg_ef74dc,6.1244
seg_ef779d,4.3599
seg_ef9105,9.0545
seg_efb639,7.8801
seg_efbf3e,5.1677
seg_efc5fb,8.6115
seg_efd9ec,9.3626
seg_f003ca,6.9583
seg_f01368,5.9350
seg_f0181d,4.9144
seg_f02d32,6.3133
seg_f056d8,4.6095
seg_f0574b,4.8930
seg_f073e2,4.2414
seg_f0ce4a,4.9101
seg_f0cedb,7.2893
seg_f0d278,1.8893
seg_f0db55,2.1974
seg_f11620,4.9064
seg_f11f77,5.4197
seg_f165f6,1.9844
seg_f19f8e,8.0372
seg_f1a771,3.3246
seg_f1b916,2.2376
seg_f1f5b9,2.3639
seg_f21a22,2.8699
seg_f21bf4,5.9496
seg_f22163,9.4523
seg_f229bf,5.6024
seg_f24292,5.1777
seg_f2750c,6.8204
seg_f2a20d,3.7375
seg_f2ae5e,6.1514
seg_f2b0c5,2.7313
seg_f2cb5e,3.2824
seg_f2f5a3,2.1732
seg_f3063a,5.8456
seg_f30b2f,6.3772
seg_f30f0c,6.7770
seg_f322b1,5.5219
seg_f342a3,3.5682
seg_f34877,6.9475
seg_f383fb,4.1282
seg_f3c578,4.5283
seg_f43730,6.4527
seg_f43ab6,1.8302
seg_f455bc,9.1271
seg_f46cc1,2.0460
seg_f48363,3.5386
seg_f48db9,3.7756
seg_f4ad4b,4.8068
seg_f4d644,2.4224
seg_f52cdc,9.3301
seg_f5406b,5.2965
seg_f579ba,3.4280
seg_f57ca1,10.1190
seg_f59974,8.4318
seg_f5a4ee,8.7477
seg_f5a6ab,6.6889
seg_f5d2dd,8.8473
seg_f5e682,2.3823
seg_f60872,6.9063
seg_f618a8,8.0960
seg_f61b0e,5.4561
seg_f639cd,9.2307
seg_f639ec,6.1227
seg_f650cc,3.5768
seg_f6659e,2.5419
seg_f66db1,7.5354
seg_f679c6,7.7879
seg_f67ce2,2.5830
seg_f6828d,2.1283
seg_f69c38,4.2980
seg_f6a217,2.9430
seg_f6abc5,9.0995
seg_f6b70c,7.3364
seg_f6bae8,4.7815
seg_f6c0cb,2.5961
seg_f6c928,7.4031
seg_f6cfd4,6.9190
seg_f6d51b,2.1419
seg_f6e1ca,3.7801
seg_f6e89f,7.4078
seg_f6f523,3.2164
seg_f6f683,5.2310
seg_f7050a,4.2427
seg_f70b66,5.7531
seg_f71db8,6.4089
seg_f7290f,4.3736
seg_f734c8,8.6423
seg_f741af,3.7072
seg_f77ee5,9.7270
seg_f7d792,1.8955
seg_f7de40,8.0645
seg_f80e44,5.7982
seg_f83d28,4.6925
seg_f865be,2.2404
seg_f86c41,5.2965
seg_f88d4a,3.1385
seg_f8db0a,2.8529
seg_f8dd7e,4.5326
seg_f931de,3.5750
seg_f93ce5,3.9146
seg_f95fd3,7.4588
seg_f96d0e,3.4302
seg_f96d5a,7.3351
seg_f97274,2.3856
seg_f99b64,6.6134
seg_f9e4f2,9.3598
seg_f9eea3,5.7047
seg_fa0ac7,6.2803
seg_fa34c7,7.7229
seg_fa488e,3.8264
seg_fa4df0,3.7474
seg_fa6383,6.6034
seg_fa796b,4.8904
seg_fa9f00,4.2738
seg_fad815,3.3494
seg_fb00b3,9.1074
seg_fb11ba,5.8516
seg_fb1f5c,8.5538
seg_fb4c26,5.1172
seg_fb74f0,7.2487
seg_fb76ca,6.1433
seg_fb8af5,3.1519
seg_fb9491,3.1836
seg_fb9b2e,7.5348
seg_fbce13,3.9659
seg_fbd66b,3.3490
seg_fbddb9,9.4859
seg_fbe3c2,6.2334
seg_fbf17a,8.2026
seg_fbff25,2.0571
seg_fc407c,4.6602
seg_fc57d4,1.5966
seg_fc8fd6,2.0287
seg_fcb7d0,8.6714
seg_fcca66,5.0765
seg_fcd32e,5.9157
seg_fd19b8,9.5775
seg_fd374e,5.8870
seg_fd6340,4.6868
seg_fd8add,6.2601
seg_fd9ac1,5.2754
seg_fdba93,3.8281
seg_fdc1d4,5.1159
seg_fdd50e,2.7735
seg_fde767,4.5027
seg_fde86d,6.9341
seg_fdff11,2.2870
seg_fe2aac,4.5223
seg_fe5945,3.4591
seg_fe70c0,6.7491
seg_fe73b1,8.8765
seg_fe86f5,4.9547
seg_fea3e2,8.2504
seg_feb312,6.2875
seg_fedbd1,8.3228
seg_ff0f1b,3.6500
seg_ff1a62,8.0401
seg_ff2f2d,6.6583
seg_ff4236,5.3923
seg_ff7478,7.1633
seg_ff79d9,4.2164
seg_ffbd6a,2.0918
seg_ffe7cc,8.9570
